Run,Degree,Measured,Calibration,Difference
1,0.000,3.829000,3.829000,0.000000
1,1.001,3.829000,3.828000,0.001000
1,2.002,3.828000,3.827000,0.001000
1,2.998,3.826000,3.826000,0.000000
1,3.999,3.826000,3.826000,0.000000
1,5.001,3.826000,3.825000,0.001000
1,6.002,3.826000,3.824000,0.002000
1,6.997,3.824000,3.824000,0.000000
1,7.999,3.824000,3.824000,0.000000
1,9.000,3.825000,3.824000,0.001000
1,10.001,3.824000,3.823000,0.001000
1,11.002,3.823000,3.823000,0.000000
1,11.998,3.823000,3.822000,0.001000
1,12.999,3.822000,3.821000,0.001000
1,14.001,3.822000,3.822000,0.000000
1,15.002,3.822000,3.821000,0.001000
1,15.997,3.821000,3.819000,0.002000
1,16.999,3.820000,3.819000,0.001000
1,18.000,3.821000,3.819000,0.002000
1,19.001,3.821000,3.821000,0.000000
1,20.002,3.820000,3.819000,0.001000
1,20.998,3.820000,3.820000,0.000000
1,21.999,3.820000,3.819000,0.001000
1,23.001,3.820000,3.819000,0.001000
1,24.002,3.820000,3.819000,0.001000
1,24.997,3.819000,3.819000,0.000000
1,25.999,3.818000,3.818000,0.000000
1,27.000,3.819000,3.819000,0.000000
1,28.001,3.819000,3.818000,0.001000
1,29.002,3.817000,3.817000,0.000000
1,29.998,3.817000,3.817000,0.000000
1,30.999,3.816000,3.815000,0.001000
1,32.001,3.816000,3.815000,0.001000
1,33.002,3.816000,3.815000,0.001000
1,33.997,3.815000,3.814000,0.001000
1,34.999,3.813000,3.813000,0.000000
1,36.000,3.812000,3.812000,0.000000
1,37.001,3.812000,3.811000,0.001000
1,38.002,3.812000,3.812000,0.000000
1,38.998,3.811000,3.810000,0.001000
1,39.999,3.810000,3.809000,0.001000
1,41.001,3.810000,3.810000,0.000000
1,42.002,3.809000,3.809000,0.000000
1,42.997,3.809000,3.807000,0.002000
1,43.999,3.808000,3.807000,0.001000
1,45.000,3.807000,3.807000,0.000000
1,46.001,3.806000,3.807000,-0.001000
1,47.002,3.806000,3.805000,0.001000
1,47.998,3.806000,3.805000,0.001000
1,48.999,3.805000,3.805000,0.000000
1,50.001,3.804000,3.804000,0.000000
1,51.002,3.804000,3.803000,0.001000
1,51.997,3.804000,3.803000,0.001000
1,52.999,3.803000,3.803000,0.000000
1,54.000,3.801000,3.802000,-0.001000
1,55.001,3.803000,3.802000,0.001000
1,56.002,3.802000,3.801000,0.001000
1,56.998,3.800000,3.801000,-0.001000
1,57.999,3.801000,3.799000,0.002000
1,59.001,3.800000,3.801000,-0.001000
1,60.002,3.801000,3.800000,0.001000
1,60.997,3.799000,3.799000,0.000000
1,61.999,3.800000,3.798000,0.002000
1,63.000,3.799000,3.799000,0.000000
1,64.001,3.799000,3.799000,0.000000
1,65.002,3.798000,3.798000,0.000000
1,65.998,3.800000,3.797000,0.003000
1,66.999,3.798000,3.798000,0.000000
1,68.001,3.798000,3.797000,0.001000
1,69.002,3.797000,3.796000,0.001000
1,69.997,3.797000,3.795000,0.002000
1,70.999,3.797000,3.797000,0.000000
1,72.000,3.798000,3.796000,0.002000
1,73.001,3.796000,3.796000,0.000000
1,74.002,3.796000,3.795000,0.001000
1,74.998,3.797000,3.796000,0.001000
1,75.999,3.795000,3.795000,0.000000
1,77.001,3.795000,3.795000,0.000000
1,78.002,3.794000,3.794000,0.000000
1,78.997,3.795000,3.794000,0.001000
1,79.999,3.795000,3.795000,0.000000
1,81.000,3.795000,3.794000,0.001000
1,82.001,3.796000,3.794000,0.002000
1,83.002,3.796000,3.795000,0.001000
1,83.998,3.794000,3.793000,0.001000
1,84.999,3.795000,3.795000,0.000000
1,86.001,3.795000,3.795000,0.000000
1,87.002,3.795000,3.795000,0.000000
1,87.997,3.796000,3.795000,0.001000
1,88.999,3.797000,3.796000,0.001000
1,90.000,3.796000,3.795000,0.001000
1,91.001,3.795000,3.795000,0.000000
1,92.002,3.796000,3.796000,0.000000
1,92.998,3.797000,3.797000,0.000000
1,93.999,3.795000,3.795000,0.000000
1,95.001,3.796000,3.795000,0.001000
1,96.002,3.797000,3.797000,0.000000
1,96.997,3.797000,3.796000,0.001000
1,97.999,3.796000,3.795000,0.001000
1,99.000,3.797000,3.797000,0.000000
1,100.001,3.797000,3.797000,0.000000
1,101.002,3.798000,3.797000,0.001000
1,101.998,3.799000,3.799000,0.000000
1,102.999,3.800000,3.800000,0.000000
1,104.001,3.802000,3.801000,0.001000
1,105.002,3.805000,3.804000,0.001000
1,105.997,3.812000,3.811000,0.001000
1,106.999,3.819000,3.819000,0.000000
1,108.000,3.822000,3.821000,0.001000
1,109.001,3.819000,3.818000,0.001000
1,110.002,3.813000,3.812000,0.001000
1,110.998,3.806000,3.805000,0.001000
1,111.999,3.800000,3.800000,0.000000
1,113.001,3.797000,3.796000,0.001000
1,114.002,3.793000,3.792000,0.001000
1,114.997,3.792000,3.791000,0.001000
1,115.999,3.791000,3.791000,0.000000
1,117.000,3.793000,3.793000,0.000000
1,118.001,3.798000,3.797000,0.001000
1,119.002,3.802000,3.802000,0.000000
1,119.998,3.807000,3.807000,0.000000
1,120.999,3.811000,3.811000,0.000000
1,122.001,3.813000,3.813000,0.000000
1,123.002,3.812000,3.811000,0.001000
1,123.997,3.808000,3.807000,0.001000
1,124.999,3.805000,3.805000,0.000000
1,126.000,3.805000,3.805000,0.000000
1,127.001,3.805000,3.805000,0.000000
1,128.002,3.806000,3.805000,0.001000
1,128.998,3.805000,3.805000,0.000000
1,129.999,3.807000,3.806000,0.001000
1,131.001,3.807000,3.806000,0.001000
1,132.002,3.808000,3.807000,0.001000
1,132.997,3.809000,3.808000,0.001000
1,133.999,3.808000,3.809000,-0.001000
1,135.000,3.808000,3.808000,0.000000
1,136.001,3.810000,3.808000,0.002000
1,137.002,3.810000,3.810000,0.000000
1,137.998,3.809000,3.810000,-0.001000
1,138.999,3.810000,3.809000,0.001000
1,140.001,3.810000,3.810000,0.000000
1,141.002,3.811000,3.812000,-0.001000
1,141.997,3.811000,3.811000,0.000000
1,142.999,3.812000,3.811000,0.001000
1,144.000,3.813000,3.812000,0.001000
1,145.001,3.811000,3.813000,-0.002000
1,146.002,3.813000,3.813000,0.000000
1,146.998,3.814000,3.813000,0.001000
1,147.999,3.813000,3.814000,-0.001000
1,149.001,3.813000,3.814000,-0.001000
1,150.002,3.815000,3.814000,0.001000
1,150.997,3.815000,3.813000,0.002000
1,151.999,3.815000,3.816000,-0.001000
1,153.000,3.817000,3.816000,0.001000
1,154.001,3.817000,3.817000,0.000000
1,155.002,3.818000,3.816000,0.002000
1,155.998,3.818000,3.818000,0.000000
1,156.999,3.820000,3.819000,0.001000
1,158.001,3.821000,3.820000,0.001000
1,159.002,3.821000,3.820000,0.001000
1,159.997,3.821000,3.821000,0.000000
1,160.999,3.822000,3.821000,0.001000
1,162.000,3.822000,3.821000,0.001000
1,163.001,3.822000,3.823000,-0.001000
1,164.002,3.824000,3.822000,0.002000
1,164.998,3.823000,3.823000,0.000000
1,165.999,3.823000,3.824000,-0.001000
1,167.001,3.825000,3.825000,0.000000
1,168.002,3.825000,3.824000,0.001000
1,168.997,3.825000,3.824000,0.001000
1,169.999,3.826000,3.825000,0.001000
1,171.000,3.826000,3.825000,0.001000
1,172.001,3.827000,3.826000,0.001000
1,173.002,3.828000,3.828000,0.000000
1,173.998,3.828000,3.827000,0.001000
1,174.999,3.828000,3.829000,-0.001000
1,176.001,3.830000,3.829000,0.001000
1,177.002,3.830000,3.829000,0.001000
1,177.997,3.830000,3.830000,0.000000
1,178.999,3.831000,3.830000,0.001000
1,180.000,3.832000,3.831000,0.001000
1,181.001,3.832000,3.832000,0.000000
1,182.002,3.833000,3.834000,-0.001000
1,182.998,3.832000,3.833000,-0.001000
1,183.999,3.834000,3.833000,0.001000
1,185.001,3.835000,3.836000,-0.001000
1,186.002,3.835000,3.835000,0.000000
1,186.997,3.836000,3.835000,0.001000
1,187.999,3.837000,3.835000,0.002000
1,189.000,3.837000,3.836000,0.001000
1,190.001,3.837000,3.837000,0.000000
1,191.002,3.838000,3.837000,0.001000
1,191.998,3.838000,3.838000,0.000000
1,192.999,3.838000,3.839000,-0.001000
1,194.001,3.839000,3.839000,0.000000
1,195.002,3.840000,3.840000,0.000000
1,195.997,3.840000,3.840000,0.000000
1,196.999,3.840000,3.841000,-0.001000
1,198.000,3.842000,3.841000,0.001000
1,199.001,3.842000,3.842000,0.000000
1,200.002,3.844000,3.843000,0.001000
1,200.998,3.844000,3.844000,0.000000
1,201.999,3.844000,3.844000,0.000000
1,203.001,3.846000,3.846000,0.000000
1,204.002,3.848000,3.846000,0.002000
1,204.997,3.847000,3.847000,0.000000
1,205.999,3.848000,3.847000,0.001000
1,207.000,3.848000,3.847000,0.001000
1,208.001,3.849000,3.848000,0.001000
1,209.002,3.850000,3.848000,0.002000
1,209.998,3.850000,3.848000,0.002000
1,210.999,3.849000,3.850000,-0.001000
1,212.001,3.850000,3.850000,0.000000
1,213.002,3.850000,3.850000,0.000000
1,213.997,3.850000,3.850000,0.000000
1,214.999,3.850000,3.850000,0.000000
1,216.000,3.850000,3.851000,-0.001000
1,217.001,3.851000,3.851000,0.000000
1,218.002,3.850000,3.850000,0.000000
1,218.998,3.851000,3.850000,0.001000
1,219.999,3.850000,3.851000,-0.001000
1,221.001,3.851000,3.851000,0.000000
1,222.002,3.852000,3.851000,0.001000
1,222.997,3.852000,3.851000,0.001000
1,223.999,3.852000,3.851000,0.001000
1,225.000,3.852000,3.852000,0.000000
1,226.001,3.853000,3.851000,0.002000
1,227.002,3.853000,3.852000,0.001000
1,227.998,3.853000,3.853000,0.000000
1,228.999,3.854000,3.853000,0.001000
1,230.001,3.854000,3.853000,0.001000
1,231.002,3.855000,3.854000,0.001000
1,231.997,3.854000,3.854000,0.000000
1,232.999,3.854000,3.854000,0.000000
1,234.000,3.856000,3.855000,0.001000
1,235.001,3.856000,3.857000,-0.001000
1,236.002,3.856000,3.855000,0.001000
1,236.998,3.856000,3.855000,0.001000
1,237.999,3.857000,3.856000,0.001000
1,239.001,3.856000,3.856000,0.000000
1,240.002,3.857000,3.857000,0.000000
1,240.997,3.857000,3.856000,0.001000
1,241.999,3.857000,3.857000,0.000000
1,243.000,3.857000,3.858000,-0.001000
1,244.001,3.858000,3.858000,0.000000
1,245.002,3.858000,3.858000,0.000000
1,245.998,3.858000,3.857000,0.001000
1,246.999,3.859000,3.858000,0.001000
1,248.001,3.858000,3.858000,0.000000
1,249.002,3.859000,3.859000,0.000000
1,249.997,3.859000,3.858000,0.001000
1,250.999,3.858000,3.858000,0.000000
1,252.000,3.858000,3.859000,-0.001000
1,253.001,3.859000,3.858000,0.001000
1,254.002,3.859000,3.858000,0.001000
1,254.998,3.859000,3.859000,0.000000
1,255.999,3.859000,3.859000,0.000000
1,257.001,3.859000,3.859000,0.000000
1,258.002,3.859000,3.860000,-0.001000
1,258.997,3.860000,3.860000,0.000000
1,259.999,3.860000,3.859000,0.001000
1,261.000,3.860000,3.860000,0.000000
1,262.001,3.861000,3.861000,0.000000
1,263.002,3.860000,3.860000,0.000000
1,263.998,3.860000,3.859000,0.001000
1,264.999,3.860000,3.860000,0.000000
1,266.001,3.861000,3.860000,0.001000
1,267.002,3.860000,3.860000,0.000000
1,267.997,3.859000,3.859000,0.000000
1,268.999,3.859000,3.859000,0.000000
1,270.000,3.859000,3.859000,0.000000
1,271.001,3.860000,3.860000,0.000000
1,272.002,3.859000,3.859000,0.000000
1,272.998,3.860000,3.859000,0.001000
1,273.999,3.860000,3.859000,0.001000
1,275.001,3.859000,3.859000,0.000000
1,276.002,3.860000,3.859000,0.001000
1,276.997,3.859000,3.859000,0.000000
1,277.999,3.860000,3.859000,0.001000
1,279.000,3.860000,3.860000,0.000000
1,280.001,3.860000,3.860000,0.000000
1,281.002,3.861000,3.860000,0.001000
1,281.998,3.861000,3.860000,0.001000
1,282.999,3.862000,3.861000,0.001000
1,284.001,3.862000,3.862000,0.000000
1,285.002,3.862000,3.861000,0.001000
1,285.997,3.862000,3.862000,0.000000
1,286.999,3.863000,3.862000,0.001000
1,288.000,3.861000,3.861000,0.000000
1,289.001,3.863000,3.862000,0.001000
1,290.002,3.862000,3.862000,0.000000
1,290.998,3.862000,3.861000,0.001000
1,291.999,3.863000,3.862000,0.001000
1,293.001,3.862000,3.862000,0.000000
1,294.002,3.863000,3.862000,0.001000
1,294.997,3.863000,3.863000,0.000000
1,295.999,3.862000,3.862000,0.000000
1,297.000,3.862000,3.862000,0.000000
1,298.001,3.862000,3.861000,0.001000
1,299.002,3.863000,3.861000,0.002000
1,299.998,3.861000,3.861000,0.000000
1,300.999,3.860000,3.860000,0.000000
1,302.001,3.860000,3.860000,0.000000
1,303.002,3.860000,3.861000,-0.001000
1,303.997,3.860000,3.860000,0.000000
1,304.999,3.859000,3.858000,0.001000
1,306.000,3.859000,3.858000,0.001000
1,307.001,3.858000,3.859000,-0.001000
1,308.002,3.857000,3.858000,-0.001000
1,308.998,3.856000,3.855000,0.001000
1,309.999,3.856000,3.855000,0.001000
1,311.001,3.854000,3.855000,-0.001000
1,312.002,3.855000,3.855000,0.000000
1,312.997,3.854000,3.852000,0.002000
1,313.999,3.852000,3.852000,0.000000
1,315.000,3.853000,3.852000,0.001000
1,316.001,3.852000,3.851000,0.001000
1,317.002,3.851000,3.850000,0.001000
1,317.998,3.850000,3.849000,0.001000
1,318.999,3.850000,3.849000,0.001000
1,320.001,3.849000,3.850000,-0.001000
1,321.002,3.849000,3.849000,0.000000
1,321.997,3.848000,3.847000,0.001000
1,322.999,3.848000,3.847000,0.001000
1,324.000,3.846000,3.846000,0.000000
1,325.001,3.846000,3.846000,0.000000
1,326.002,3.846000,3.846000,0.000000
1,326.998,3.845000,3.845000,0.000000
1,327.999,3.844000,3.844000,0.000000
1,329.001,3.845000,3.845000,0.000000
1,330.002,3.844000,3.844000,0.000000
1,330.997,3.844000,3.844000,0.000000
1,331.999,3.844000,3.843000,0.001000
1,333.000,3.843000,3.842000,0.001000
1,334.001,3.843000,3.842000,0.001000
1,335.002,3.842000,3.842000,0.000000
1,335.998,3.842000,3.842000,0.000000
1,336.999,3.841000,3.840000,0.001000
1,338.001,3.841000,3.841000,0.000000
1,339.002,3.841000,3.841000,0.000000
1,339.997,3.840000,3.839000,0.001000
1,340.999,3.839000,3.838000,0.001000
1,342.000,3.838000,3.839000,-0.001000
1,343.001,3.839000,3.839000,0.000000
1,344.002,3.837000,3.837000,0.000000
1,344.998,3.836000,3.837000,-0.001000
1,345.999,3.836000,3.836000,0.000000
1,347.001,3.836000,3.835000,0.001000
1,348.002,3.835000,3.835000,0.000000
1,348.997,3.834000,3.833000,0.001000
1,349.999,3.833000,3.834000,-0.001000
1,351.000,3.833000,3.833000,0.000000
1,352.001,3.833000,3.833000,0.000000
1,353.002,3.832000,3.832000,0.000000
1,353.998,3.831000,3.831000,0.000000
1,354.999,3.832000,3.831000,0.001000
1,356.001,3.831000,3.831000,0.000000
1,357.002,3.831000,3.831000,0.000000
1,357.997,3.829000,3.830000,-0.001000
1,358.999,3.829000,3.830000,-0.001000
2,360.000,3.828000,3.830000,-0.002000
2,361.001,3.829000,3.828000,0.001000
2,362.002,3.828000,3.827000,0.001000
2,362.998,3.827000,3.826000,0.001000
2,363.999,3.826000,3.826000,0.000000
2,365.001,3.826000,3.825000,0.001000
2,366.002,3.826000,3.824000,0.002000
2,366.997,3.824000,3.824000,0.000000
2,367.999,3.824000,3.824000,0.000000
2,369.000,3.825000,3.824000,0.001000
2,370.001,3.825000,3.823000,0.002000
2,371.002,3.823000,3.823000,0.000000
2,371.998,3.823000,3.822000,0.001000
2,372.999,3.823000,3.821000,0.002000
2,374.001,3.822000,3.822000,0.000000
2,375.002,3.821000,3.821000,0.000000
2,375.997,3.820000,3.819000,0.001000
2,376.999,3.821000,3.819000,0.002000
2,378.000,3.820000,3.819000,0.001000
2,379.001,3.821000,3.821000,0.000000
2,380.002,3.820000,3.819000,0.001000
2,380.998,3.821000,3.820000,0.001000
2,381.999,3.820000,3.819000,0.001000
2,383.001,3.820000,3.819000,0.001000
2,384.002,3.819000,3.819000,0.000000
2,384.997,3.819000,3.819000,0.000000
2,385.999,3.819000,3.818000,0.001000
2,387.000,3.818000,3.819000,-0.001000
2,388.001,3.819000,3.818000,0.001000
2,389.002,3.819000,3.817000,0.002000
2,389.998,3.818000,3.817000,0.001000
2,390.999,3.816000,3.815000,0.001000
2,392.001,3.817000,3.815000,0.002000
2,393.002,3.816000,3.815000,0.001000
2,393.997,3.814000,3.814000,0.000000
2,394.999,3.813000,3.813000,0.000000
2,396.000,3.813000,3.812000,0.001000
2,397.001,3.813000,3.811000,0.002000
2,398.002,3.812000,3.812000,0.000000
2,398.998,3.811000,3.810000,0.001000
2,399.999,3.810000,3.809000,0.001000
2,401.001,3.810000,3.810000,0.000000
2,402.002,3.808000,3.809000,-0.001000
2,402.997,3.809000,3.807000,0.002000
2,403.999,3.807000,3.807000,0.000000
2,405.000,3.807000,3.807000,0.000000
2,406.001,3.806000,3.807000,-0.001000
2,407.002,3.807000,3.805000,0.002000
2,407.998,3.806000,3.805000,0.001000
2,408.999,3.805000,3.805000,0.000000
2,410.001,3.804000,3.804000,0.000000
2,411.002,3.804000,3.803000,0.001000
2,411.997,3.804000,3.803000,0.001000
2,412.999,3.802000,3.803000,-0.001000
2,414.000,3.803000,3.802000,0.001000
2,415.001,3.803000,3.802000,0.001000
2,416.002,3.802000,3.801000,0.001000
2,416.998,3.801000,3.801000,0.000000
2,417.999,3.801000,3.799000,0.002000
2,419.001,3.801000,3.801000,0.000000
2,420.002,3.801000,3.800000,0.001000
2,420.997,3.800000,3.799000,0.001000
2,421.999,3.800000,3.798000,0.002000
2,423.000,3.800000,3.799000,0.001000
2,424.001,3.799000,3.799000,0.000000
2,425.002,3.799000,3.798000,0.001000
2,425.998,3.799000,3.797000,0.002000
2,426.999,3.798000,3.798000,0.000000
2,428.001,3.798000,3.797000,0.001000
2,429.002,3.797000,3.796000,0.001000
2,429.997,3.797000,3.795000,0.002000
2,430.999,3.796000,3.797000,-0.001000
2,432.000,3.797000,3.796000,0.001000
2,433.001,3.796000,3.796000,0.000000
2,434.002,3.795000,3.795000,0.000000
2,434.998,3.796000,3.796000,0.000000
2,435.999,3.795000,3.795000,0.000000
2,437.001,3.795000,3.795000,0.000000
2,438.002,3.796000,3.794000,0.002000
2,438.997,3.795000,3.794000,0.001000
2,439.999,3.795000,3.795000,0.000000
2,441.000,3.797000,3.794000,0.003000
2,442.001,3.796000,3.794000,0.002000
2,443.002,3.795000,3.795000,0.000000
2,443.998,3.796000,3.793000,0.003000
2,444.999,3.796000,3.795000,0.001000
2,446.001,3.796000,3.795000,0.001000
2,447.002,3.796000,3.795000,0.001000
2,447.997,3.797000,3.795000,0.002000
2,448.999,3.796000,3.796000,0.000000
2,450.000,3.796000,3.795000,0.001000
2,451.001,3.795000,3.795000,0.000000
2,452.002,3.797000,3.796000,0.001000
2,452.998,3.797000,3.797000,0.000000
2,453.999,3.796000,3.795000,0.001000
2,455.001,3.797000,3.795000,0.002000
2,456.002,3.797000,3.797000,0.000000
2,456.997,3.796000,3.796000,0.000000
2,457.999,3.796000,3.795000,0.001000
2,459.000,3.797000,3.797000,0.000000
2,460.001,3.797000,3.797000,0.000000
2,461.002,3.798000,3.797000,0.001000
2,461.998,3.799000,3.799000,0.000000
2,462.999,3.801000,3.800000,0.001000
2,464.001,3.803000,3.801000,0.002000
2,465.002,3.805000,3.804000,0.001000
2,465.997,3.811000,3.811000,0.000000
2,466.999,3.819000,3.819000,0.000000
2,468.000,3.821000,3.821000,0.000000
2,469.001,3.819000,3.818000,0.001000
2,470.002,3.813000,3.812000,0.001000
2,470.998,3.806000,3.805000,0.001000
2,471.999,3.801000,3.800000,0.001000
2,473.001,3.797000,3.796000,0.001000
2,474.002,3.793000,3.792000,0.001000
2,474.997,3.792000,3.791000,0.001000
2,475.999,3.791000,3.791000,0.000000
2,477.000,3.793000,3.793000,0.000000
2,478.001,3.797000,3.797000,0.000000
2,479.002,3.802000,3.802000,0.000000
2,479.998,3.807000,3.807000,0.000000
2,480.999,3.811000,3.811000,0.000000
2,482.001,3.813000,3.813000,0.000000
2,483.002,3.812000,3.811000,0.001000
2,483.997,3.808000,3.807000,0.001000
2,484.999,3.805000,3.805000,0.000000
2,486.000,3.806000,3.805000,0.001000
2,487.001,3.806000,3.805000,0.001000
2,488.002,3.806000,3.805000,0.001000
2,488.998,3.805000,3.805000,0.000000
2,489.999,3.807000,3.806000,0.001000
2,491.001,3.807000,3.806000,0.001000
2,492.002,3.808000,3.807000,0.001000
2,492.997,3.809000,3.808000,0.001000
2,493.999,3.808000,3.809000,-0.001000
2,495.000,3.808000,3.808000,0.000000
2,496.001,3.810000,3.808000,0.002000
2,497.002,3.810000,3.810000,0.000000
2,497.998,3.809000,3.810000,-0.001000
2,498.999,3.810000,3.809000,0.001000
2,500.001,3.811000,3.810000,0.001000
2,501.002,3.812000,3.812000,0.000000
2,501.997,3.811000,3.811000,0.000000
2,502.999,3.812000,3.811000,0.001000
2,504.000,3.813000,3.812000,0.001000
2,505.001,3.813000,3.813000,0.000000
2,506.002,3.813000,3.813000,0.000000
2,506.998,3.813000,3.813000,0.000000
2,507.999,3.814000,3.814000,0.000000
2,509.001,3.815000,3.814000,0.001000
2,510.002,3.815000,3.814000,0.001000
2,510.997,3.814000,3.813000,0.001000
2,511.999,3.816000,3.816000,0.000000
2,513.000,3.817000,3.816000,0.001000
2,514.001,3.817000,3.817000,0.000000
2,515.002,3.817000,3.816000,0.001000
2,515.998,3.819000,3.818000,0.001000
2,516.999,3.819000,3.819000,0.000000
2,518.001,3.820000,3.820000,0.000000
2,519.002,3.820000,3.820000,0.000000
2,519.997,3.821000,3.821000,0.000000
2,520.999,3.821000,3.821000,0.000000
2,522.000,3.822000,3.821000,0.001000
2,523.001,3.823000,3.823000,0.000000
2,524.002,3.823000,3.822000,0.001000
2,524.998,3.823000,3.823000,0.000000
2,525.999,3.825000,3.824000,0.001000
2,527.001,3.825000,3.825000,0.000000
2,528.002,3.825000,3.824000,0.001000
2,528.997,3.825000,3.824000,0.001000
2,529.999,3.826000,3.825000,0.001000
2,531.000,3.826000,3.825000,0.001000
2,532.001,3.826000,3.826000,0.000000
2,533.002,3.829000,3.828000,0.001000
2,533.998,3.828000,3.827000,0.001000
2,534.999,3.829000,3.829000,0.000000
2,536.001,3.829000,3.829000,0.000000
2,537.002,3.830000,3.829000,0.001000
2,537.997,3.831000,3.830000,0.001000
2,538.999,3.830000,3.830000,0.000000
2,540.000,3.831000,3.831000,0.000000
2,541.001,3.832000,3.832000,0.000000
2,542.002,3.834000,3.834000,0.000000
2,542.998,3.833000,3.833000,0.000000
2,543.999,3.835000,3.833000,0.002000
2,545.001,3.835000,3.836000,-0.001000
2,546.002,3.835000,3.835000,0.000000
2,546.997,3.835000,3.835000,0.000000
2,547.999,3.837000,3.835000,0.002000
2,549.000,3.837000,3.836000,0.001000
2,550.001,3.838000,3.837000,0.001000
2,551.002,3.838000,3.837000,0.001000
2,551.998,3.839000,3.838000,0.001000
2,552.999,3.839000,3.839000,0.000000
2,554.001,3.839000,3.839000,0.000000
2,555.002,3.839000,3.840000,-0.001000
2,555.997,3.840000,3.840000,0.000000
2,556.999,3.841000,3.841000,0.000000
2,558.000,3.842000,3.841000,0.001000
2,559.001,3.843000,3.842000,0.001000
2,560.002,3.844000,3.843000,0.001000
2,560.998,3.844000,3.844000,0.000000
2,561.999,3.845000,3.844000,0.001000
2,563.001,3.846000,3.846000,0.000000
2,564.002,3.847000,3.846000,0.001000
2,564.997,3.847000,3.847000,0.000000
2,565.999,3.848000,3.847000,0.001000
2,567.000,3.848000,3.847000,0.001000
2,568.001,3.850000,3.848000,0.002000
2,569.002,3.849000,3.848000,0.001000
2,569.998,3.848000,3.848000,0.000000
2,570.999,3.849000,3.850000,-0.001000
2,572.001,3.851000,3.850000,0.001000
2,573.002,3.851000,3.850000,0.001000
2,573.997,3.850000,3.850000,0.000000
2,574.999,3.851000,3.850000,0.001000
2,576.000,3.851000,3.851000,0.000000
2,577.001,3.851000,3.851000,0.000000
2,578.002,3.850000,3.850000,0.000000
2,578.998,3.850000,3.850000,0.000000
2,579.999,3.851000,3.851000,0.000000
2,581.001,3.851000,3.851000,0.000000
2,582.002,3.852000,3.851000,0.001000
2,582.997,3.852000,3.851000,0.001000
2,583.999,3.851000,3.851000,0.000000
2,585.000,3.852000,3.852000,0.000000
2,586.001,3.852000,3.851000,0.001000
2,587.002,3.852000,3.852000,0.000000
2,587.998,3.854000,3.853000,0.001000
2,588.999,3.853000,3.853000,0.000000
2,590.001,3.853000,3.853000,0.000000
2,591.002,3.855000,3.854000,0.001000
2,591.997,3.854000,3.854000,0.000000
2,592.999,3.855000,3.854000,0.001000
2,594.000,3.855000,3.855000,0.000000
2,595.001,3.856000,3.857000,-0.001000
2,596.002,3.856000,3.855000,0.001000
2,596.998,3.856000,3.855000,0.001000
2,597.999,3.856000,3.856000,0.000000
2,599.001,3.857000,3.856000,0.001000
2,600.002,3.858000,3.857000,0.001000
2,600.997,3.857000,3.856000,0.001000
2,601.999,3.857000,3.857000,0.000000
2,603.000,3.858000,3.858000,0.000000
2,604.001,3.858000,3.858000,0.000000
2,605.002,3.858000,3.858000,0.000000
2,605.998,3.858000,3.857000,0.001000
2,606.999,3.859000,3.858000,0.001000
2,608.001,3.859000,3.858000,0.001000
2,609.002,3.858000,3.859000,-0.001000
2,609.997,3.858000,3.858000,0.000000
2,610.999,3.859000,3.858000,0.001000
2,612.000,3.859000,3.859000,0.000000
2,613.001,3.859000,3.858000,0.001000
2,614.002,3.859000,3.858000,0.001000
2,614.998,3.859000,3.859000,0.000000
2,615.999,3.859000,3.859000,0.000000
2,617.001,3.859000,3.859000,0.000000
2,618.002,3.860000,3.860000,0.000000
2,618.997,3.861000,3.860000,0.001000
2,619.999,3.859000,3.859000,0.000000
2,621.000,3.861000,3.860000,0.001000
2,622.001,3.861000,3.861000,0.000000
2,623.002,3.861000,3.860000,0.001000
2,623.998,3.860000,3.859000,0.001000
2,624.999,3.860000,3.860000,0.000000
2,626.001,3.861000,3.860000,0.001000
2,627.002,3.860000,3.860000,0.000000
2,627.997,3.859000,3.859000,0.000000
2,628.999,3.859000,3.859000,0.000000
2,630.000,3.859000,3.859000,0.000000
2,631.001,3.860000,3.860000,0.000000
2,632.002,3.860000,3.859000,0.001000
2,632.998,3.860000,3.859000,0.001000
2,633.999,3.859000,3.859000,0.000000
2,635.001,3.859000,3.859000,0.000000
2,636.002,3.860000,3.859000,0.001000
2,636.997,3.859000,3.859000,0.000000
2,637.999,3.860000,3.859000,0.001000
2,639.000,3.860000,3.860000,0.000000
2,640.001,3.860000,3.860000,0.000000
2,641.002,3.861000,3.860000,0.001000
2,641.998,3.860000,3.860000,0.000000
2,642.999,3.861000,3.861000,0.000000
2,644.001,3.862000,3.862000,0.000000
2,645.002,3.862000,3.861000,0.001000
2,645.997,3.863000,3.862000,0.001000
2,646.999,3.862000,3.862000,0.000000
2,648.000,3.862000,3.861000,0.001000
2,649.001,3.863000,3.862000,0.001000
2,650.002,3.862000,3.862000,0.000000
2,650.998,3.862000,3.861000,0.001000
2,651.999,3.861000,3.862000,-0.001000
2,653.001,3.863000,3.862000,0.001000
2,654.002,3.862000,3.862000,0.000000
2,654.997,3.863000,3.863000,0.000000
2,655.999,3.861000,3.862000,-0.001000
2,657.000,3.861000,3.862000,-0.001000
2,658.001,3.862000,3.861000,0.001000
2,659.002,3.862000,3.861000,0.001000
2,659.998,3.860000,3.861000,-0.001000
2,660.999,3.860000,3.860000,0.000000
2,662.001,3.861000,3.860000,0.001000
2,663.002,3.861000,3.861000,0.000000
2,663.997,3.859000,3.860000,-0.001000
2,664.999,3.859000,3.858000,0.001000
2,666.000,3.859000,3.858000,0.001000
2,667.001,3.858000,3.859000,-0.001000
2,668.002,3.858000,3.858000,0.000000
2,668.998,3.856000,3.855000,0.001000
2,669.999,3.856000,3.855000,0.001000
2,671.001,3.854000,3.855000,-0.001000
2,672.002,3.855000,3.855000,0.000000
2,672.997,3.853000,3.852000,0.001000
2,673.999,3.852000,3.852000,0.000000
2,675.000,3.853000,3.852000,0.001000
2,676.001,3.852000,3.851000,0.001000
2,677.002,3.851000,3.850000,0.001000
2,677.998,3.849000,3.849000,0.000000
2,678.999,3.850000,3.849000,0.001000
2,680.001,3.850000,3.850000,0.000000
2,681.002,3.849000,3.849000,0.000000
2,681.997,3.847000,3.847000,0.000000
2,682.999,3.848000,3.847000,0.001000
2,684.000,3.847000,3.846000,0.001000
2,685.001,3.846000,3.846000,0.000000
2,686.002,3.846000,3.846000,0.000000
2,686.998,3.845000,3.845000,0.000000
2,687.999,3.845000,3.844000,0.001000
2,689.001,3.846000,3.845000,0.001000
2,690.002,3.844000,3.844000,0.000000
2,690.997,3.844000,3.844000,0.000000
2,691.999,3.844000,3.843000,0.001000
2,693.000,3.843000,3.842000,0.001000
2,694.001,3.843000,3.842000,0.001000
2,695.002,3.842000,3.842000,0.000000
2,695.998,3.842000,3.842000,0.000000
2,696.999,3.841000,3.840000,0.001000
2,698.001,3.841000,3.841000,0.000000
2,699.002,3.841000,3.841000,0.000000
2,699.997,3.840000,3.839000,0.001000
2,700.999,3.839000,3.838000,0.001000
2,702.000,3.839000,3.839000,0.000000
2,703.001,3.839000,3.839000,0.000000
2,704.002,3.837000,3.837000,0.000000
2,704.998,3.836000,3.837000,-0.001000
2,705.999,3.836000,3.836000,0.000000
2,707.001,3.836000,3.835000,0.001000
2,708.002,3.835000,3.835000,0.000000
2,708.997,3.833000,3.833000,0.000000
2,709.999,3.834000,3.834000,0.000000
2,711.000,3.833000,3.833000,0.000000
2,712.001,3.833000,3.833000,0.000000
2,713.002,3.832000,3.832000,0.000000
2,713.998,3.831000,3.831000,0.000000
2,714.999,3.831000,3.831000,0.000000
2,716.001,3.831000,3.831000,0.000000
2,717.002,3.831000,3.831000,0.000000
2,717.997,3.831000,3.830000,0.001000
2,718.999,3.830000,3.830000,0.000000
3,720.000,3.828000,3.830000,-0.002000
3,721.001,3.828000,3.828000,0.000000
3,722.002,3.828000,3.827000,0.001000
3,722.998,3.826000,3.826000,0.000000
3,723.999,3.826000,3.826000,0.000000
3,725.001,3.826000,3.825000,0.001000
3,726.002,3.826000,3.824000,0.002000
3,726.997,3.824000,3.824000,0.000000
3,727.999,3.824000,3.824000,0.000000
3,729.000,3.825000,3.824000,0.001000
3,730.001,3.824000,3.823000,0.001000
3,731.002,3.823000,3.823000,0.000000
3,731.998,3.823000,3.822000,0.001000
3,732.999,3.823000,3.821000,0.002000
3,734.001,3.823000,3.822000,0.001000
3,735.002,3.821000,3.821000,0.000000
3,735.997,3.821000,3.819000,0.002000
3,736.999,3.820000,3.819000,0.001000
3,738.000,3.820000,3.819000,0.001000
3,739.001,3.822000,3.821000,0.001000
3,740.002,3.819000,3.819000,0.000000
3,740.998,3.821000,3.820000,0.001000
3,741.999,3.819000,3.819000,0.000000
3,743.001,3.819000,3.819000,0.000000
3,744.002,3.819000,3.819000,0.000000
3,744.997,3.819000,3.819000,0.000000
3,745.999,3.819000,3.818000,0.001000
3,747.000,3.819000,3.819000,0.000000
3,748.001,3.819000,3.818000,0.001000
3,749.002,3.818000,3.817000,0.001000
3,749.998,3.817000,3.817000,0.000000
3,750.999,3.816000,3.815000,0.001000
3,752.001,3.817000,3.815000,0.002000
3,753.002,3.815000,3.815000,0.000000
3,753.997,3.815000,3.814000,0.001000
3,754.999,3.813000,3.813000,0.000000
3,756.000,3.813000,3.812000,0.001000
3,757.001,3.813000,3.811000,0.002000
3,758.002,3.812000,3.812000,0.000000
3,758.998,3.811000,3.810000,0.001000
3,759.999,3.810000,3.809000,0.001000
3,761.001,3.810000,3.810000,0.000000
3,762.002,3.808000,3.809000,-0.001000
3,762.997,3.808000,3.807000,0.001000
3,763.999,3.807000,3.807000,0.000000
3,765.000,3.807000,3.807000,0.000000
3,766.001,3.806000,3.807000,-0.001000
3,767.002,3.807000,3.805000,0.002000
3,767.998,3.806000,3.805000,0.001000
3,768.999,3.805000,3.805000,0.000000
3,770.001,3.804000,3.804000,0.000000
3,771.002,3.805000,3.803000,0.002000
3,771.997,3.804000,3.803000,0.001000
3,772.999,3.802000,3.803000,-0.001000
3,774.000,3.802000,3.802000,0.000000
3,775.001,3.803000,3.802000,0.001000
3,776.002,3.802000,3.801000,0.001000
3,776.998,3.800000,3.801000,-0.001000
3,777.999,3.801000,3.799000,0.002000
3,779.001,3.800000,3.801000,-0.001000
3,780.002,3.800000,3.800000,0.000000
3,780.997,3.800000,3.799000,0.001000
3,781.999,3.800000,3.798000,0.002000
3,783.000,3.800000,3.799000,0.001000
3,784.001,3.798000,3.799000,-0.001000
3,785.002,3.799000,3.798000,0.001000
3,785.998,3.799000,3.797000,0.002000
3,786.999,3.798000,3.798000,0.000000
3,788.001,3.798000,3.797000,0.001000
3,789.002,3.797000,3.796000,0.001000
3,789.997,3.798000,3.795000,0.003000
3,790.999,3.796000,3.797000,-0.001000
3,792.000,3.796000,3.796000,0.000000
3,793.001,3.796000,3.796000,0.000000
3,794.002,3.797000,3.795000,0.002000
3,794.998,3.795000,3.796000,-0.001000
3,795.999,3.795000,3.795000,0.000000
3,797.001,3.796000,3.795000,0.001000
3,798.002,3.796000,3.794000,0.002000
3,798.997,3.796000,3.794000,0.002000
3,799.999,3.795000,3.795000,0.000000
3,801.000,3.795000,3.794000,0.001000
3,802.001,3.796000,3.794000,0.002000
3,803.002,3.795000,3.795000,0.000000
3,803.998,3.795000,3.793000,0.002000
3,804.999,3.796000,3.795000,0.001000
3,806.001,3.796000,3.795000,0.001000
3,807.002,3.796000,3.795000,0.001000
3,807.997,3.796000,3.795000,0.001000
3,808.999,3.796000,3.796000,0.000000
3,810.000,3.796000,3.795000,0.001000
3,811.001,3.796000,3.795000,0.001000
3,812.002,3.797000,3.796000,0.001000
3,812.998,3.795000,3.797000,-0.002000
3,813.999,3.796000,3.795000,0.001000
3,815.001,3.796000,3.795000,0.001000
3,816.002,3.797000,3.797000,0.000000
3,816.997,3.796000,3.796000,0.000000
3,817.999,3.797000,3.795000,0.002000
3,819.000,3.797000,3.797000,0.000000
3,820.001,3.797000,3.797000,0.000000
3,821.002,3.798000,3.797000,0.001000
3,821.998,3.799000,3.799000,0.000000
3,822.999,3.800000,3.800000,0.000000
3,824.001,3.803000,3.801000,0.002000
3,825.002,3.804000,3.804000,0.000000
3,825.997,3.810000,3.811000,-0.001000
3,826.999,3.819000,3.819000,0.000000
3,828.000,3.822000,3.821000,0.001000
3,829.001,3.819000,3.818000,0.001000
3,830.002,3.813000,3.812000,0.001000
3,830.998,3.806000,3.805000,0.001000
3,831.999,3.801000,3.800000,0.001000
3,833.001,3.797000,3.796000,0.001000
3,834.002,3.793000,3.792000,0.001000
3,834.997,3.792000,3.791000,0.001000
3,835.999,3.791000,3.791000,0.000000
3,837.000,3.794000,3.793000,0.001000
3,838.001,3.797000,3.797000,0.000000
3,839.002,3.802000,3.802000,0.000000
3,839.998,3.807000,3.807000,0.000000
3,840.999,3.811000,3.811000,0.000000
3,842.001,3.813000,3.813000,0.000000
3,843.002,3.812000,3.811000,0.001000
3,843.997,3.808000,3.807000,0.001000
3,844.999,3.804000,3.805000,-0.001000
3,846.000,3.805000,3.805000,0.000000
3,847.001,3.806000,3.805000,0.001000
3,848.002,3.806000,3.805000,0.001000
3,848.998,3.805000,3.805000,0.000000
3,849.999,3.806000,3.806000,0.000000
3,851.001,3.807000,3.806000,0.001000
3,852.002,3.808000,3.807000,0.001000
3,852.997,3.808000,3.808000,0.000000
3,853.999,3.808000,3.809000,-0.001000
3,855.000,3.808000,3.808000,0.000000
3,856.001,3.810000,3.808000,0.002000
3,857.002,3.810000,3.810000,0.000000
3,857.998,3.809000,3.810000,-0.001000
3,858.999,3.810000,3.809000,0.001000
3,860.001,3.810000,3.810000,0.000000
3,861.002,3.811000,3.812000,-0.001000
3,861.997,3.811000,3.811000,0.000000
3,862.999,3.812000,3.811000,0.001000
3,864.000,3.813000,3.812000,0.001000
3,865.001,3.812000,3.813000,-0.001000
3,866.002,3.813000,3.813000,0.000000
3,866.998,3.813000,3.813000,0.000000
3,867.999,3.813000,3.814000,-0.001000
3,869.001,3.814000,3.814000,0.000000
3,870.002,3.815000,3.814000,0.001000
3,870.997,3.816000,3.813000,0.003000
3,871.999,3.815000,3.816000,-0.001000
3,873.000,3.815000,3.816000,-0.001000
3,874.001,3.817000,3.817000,0.000000
3,875.002,3.817000,3.816000,0.001000
3,875.998,3.819000,3.818000,0.001000
3,876.999,3.819000,3.819000,0.000000
3,878.001,3.820000,3.820000,0.000000
3,879.002,3.820000,3.820000,0.000000
3,879.997,3.821000,3.821000,0.000000
3,880.999,3.821000,3.821000,0.000000
3,882.000,3.822000,3.821000,0.001000
3,883.001,3.823000,3.823000,0.000000
3,884.002,3.822000,3.822000,0.000000
3,884.998,3.823000,3.823000,0.000000
3,885.999,3.824000,3.824000,0.000000
3,887.001,3.824000,3.825000,-0.001000
3,888.002,3.824000,3.824000,0.000000
3,888.997,3.825000,3.824000,0.001000
3,889.999,3.826000,3.825000,0.001000
3,891.000,3.826000,3.825000,0.001000
3,892.001,3.827000,3.826000,0.001000
3,893.002,3.827000,3.828000,-0.001000
3,893.998,3.828000,3.827000,0.001000
3,894.999,3.829000,3.829000,0.000000
3,896.001,3.829000,3.829000,0.000000
3,897.002,3.830000,3.829000,0.001000
3,897.997,3.831000,3.830000,0.001000
3,898.999,3.830000,3.830000,0.000000
3,900.000,3.832000,3.831000,0.001000
3,901.001,3.833000,3.832000,0.001000
3,902.002,3.833000,3.834000,-0.001000
3,902.998,3.833000,3.833000,0.000000
3,903.999,3.834000,3.833000,0.001000
3,905.001,3.835000,3.836000,-0.001000
3,906.002,3.835000,3.835000,0.000000
3,906.997,3.835000,3.835000,0.000000
3,907.999,3.837000,3.835000,0.002000
3,909.000,3.837000,3.836000,0.001000
3,910.001,3.837000,3.837000,0.000000
3,911.002,3.838000,3.837000,0.001000
3,911.998,3.837000,3.838000,-0.001000
3,912.999,3.838000,3.839000,-0.001000
3,914.001,3.839000,3.839000,0.000000
3,915.002,3.840000,3.840000,0.000000
3,915.997,3.840000,3.840000,0.000000
3,916.999,3.841000,3.841000,0.000000
3,918.000,3.842000,3.841000,0.001000
3,919.001,3.842000,3.842000,0.000000
3,920.002,3.844000,3.843000,0.001000
3,920.998,3.844000,3.844000,0.000000
3,921.999,3.844000,3.844000,0.000000
3,923.001,3.846000,3.846000,0.000000
3,924.002,3.847000,3.846000,0.001000
3,924.997,3.847000,3.847000,0.000000
3,925.999,3.848000,3.847000,0.001000
3,927.000,3.848000,3.847000,0.001000
3,928.001,3.849000,3.848000,0.001000
3,929.002,3.847000,3.848000,-0.001000
3,929.998,3.850000,3.848000,0.002000
3,930.999,3.849000,3.850000,-0.001000
3,932.001,3.850000,3.850000,0.000000
3,933.002,3.851000,3.850000,0.001000
3,933.997,3.850000,3.850000,0.000000
3,934.999,3.851000,3.850000,0.001000
3,936.000,3.849000,3.851000,-0.002000
3,937.001,3.850000,3.851000,-0.001000
3,938.002,3.850000,3.850000,0.000000
3,938.998,3.851000,3.850000,0.001000
3,939.999,3.850000,3.851000,-0.001000
3,941.001,3.851000,3.851000,0.000000
3,942.002,3.851000,3.851000,0.000000
3,942.997,3.853000,3.851000,0.002000
3,943.999,3.851000,3.851000,0.000000
3,945.000,3.852000,3.852000,0.000000
3,946.001,3.853000,3.851000,0.002000
3,947.002,3.853000,3.852000,0.001000
3,947.998,3.854000,3.853000,0.001000
3,948.999,3.853000,3.853000,0.000000
3,950.001,3.854000,3.853000,0.001000
3,951.002,3.856000,3.854000,0.002000
3,951.997,3.855000,3.854000,0.001000
3,952.999,3.855000,3.854000,0.001000
3,954.000,3.856000,3.855000,0.001000
3,955.001,3.857000,3.857000,0.000000
3,956.002,3.856000,3.855000,0.001000
3,956.998,3.855000,3.855000,0.000000
3,957.999,3.857000,3.856000,0.001000
3,959.001,3.856000,3.856000,0.000000
3,960.002,3.856000,3.857000,-0.001000
3,960.997,3.857000,3.856000,0.001000
3,961.999,3.858000,3.857000,0.001000
3,963.000,3.858000,3.858000,0.000000
3,964.001,3.858000,3.858000,0.000000
3,965.002,3.858000,3.858000,0.000000
3,965.998,3.858000,3.857000,0.001000
3,966.999,3.858000,3.858000,0.000000
3,968.001,3.858000,3.858000,0.000000
3,969.002,3.860000,3.859000,0.001000
3,969.997,3.859000,3.858000,0.001000
3,970.999,3.859000,3.858000,0.001000
3,972.000,3.859000,3.859000,0.000000
3,973.001,3.859000,3.858000,0.001000
3,974.002,3.859000,3.858000,0.001000
3,974.998,3.859000,3.859000,0.000000
3,975.999,3.859000,3.859000,0.000000
3,977.001,3.860000,3.859000,0.001000
3,978.002,3.860000,3.860000,0.000000
3,978.997,3.861000,3.860000,0.001000
3,979.999,3.859000,3.859000,0.000000
3,981.000,3.860000,3.860000,0.000000
3,982.001,3.861000,3.861000,0.000000
3,983.002,3.861000,3.860000,0.001000
3,983.998,3.861000,3.859000,0.002000
3,984.999,3.859000,3.860000,-0.001000
3,986.001,3.861000,3.860000,0.001000
3,987.002,3.860000,3.860000,0.000000
3,987.997,3.860000,3.859000,0.001000
3,988.999,3.859000,3.859000,0.000000
3,990.000,3.860000,3.859000,0.001000
3,991.001,3.860000,3.860000,0.000000
3,992.002,3.860000,3.859000,0.001000
3,992.998,3.859000,3.859000,0.000000
3,993.999,3.860000,3.859000,0.001000
3,995.001,3.860000,3.859000,0.001000
3,996.002,3.860000,3.859000,0.001000
3,996.997,3.860000,3.859000,0.001000
3,997.999,3.860000,3.859000,0.001000
3,999.000,3.859000,3.860000,-0.001000
3,1000.001,3.861000,3.860000,0.001000
3,1001.002,3.861000,3.860000,0.001000
3,1001.998,3.861000,3.860000,0.001000
3,1002.999,3.860000,3.861000,-0.001000
3,1004.001,3.863000,3.862000,0.001000
3,1005.002,3.862000,3.861000,0.001000
3,1005.997,3.862000,3.862000,0.000000
3,1006.999,3.862000,3.862000,0.000000
3,1008.000,3.863000,3.861000,0.002000
3,1009.001,3.863000,3.862000,0.001000
3,1010.002,3.863000,3.862000,0.001000
3,1010.998,3.862000,3.861000,0.001000
3,1011.999,3.862000,3.862000,0.000000
3,1013.001,3.862000,3.862000,0.000000
3,1014.002,3.861000,3.862000,-0.001000
3,1014.997,3.861000,3.863000,-0.002000
3,1015.999,3.862000,3.862000,0.000000
3,1017.000,3.862000,3.862000,0.000000
3,1018.001,3.861000,3.861000,0.000000
3,1019.002,3.861000,3.861000,0.000000
3,1019.998,3.861000,3.861000,0.000000
3,1020.999,3.860000,3.860000,0.000000
3,1022.001,3.860000,3.860000,0.000000
3,1023.002,3.861000,3.861000,0.000000
3,1023.997,3.861000,3.860000,0.001000
3,1024.999,3.859000,3.858000,0.001000
3,1026.000,3.858000,3.858000,0.000000
3,1027.001,3.859000,3.859000,0.000000
3,1028.002,3.858000,3.858000,0.000000
3,1028.998,3.856000,3.855000,0.001000
3,1029.999,3.855000,3.855000,0.000000
3,1031.001,3.856000,3.855000,0.001000
3,1032.002,3.855000,3.855000,0.000000
3,1032.997,3.853000,3.852000,0.001000
3,1033.999,3.852000,3.852000,0.000000
3,1035.000,3.852000,3.852000,0.000000
3,1036.001,3.851000,3.851000,0.000000
3,1037.002,3.851000,3.850000,0.001000
3,1037.998,3.849000,3.849000,0.000000
3,1038.999,3.849000,3.849000,0.000000
3,1040.001,3.851000,3.850000,0.001000
3,1041.002,3.849000,3.849000,0.000000
3,1041.997,3.848000,3.847000,0.001000
3,1042.999,3.848000,3.847000,0.001000
3,1044.000,3.847000,3.846000,0.001000
3,1045.001,3.847000,3.846000,0.001000
3,1046.002,3.847000,3.846000,0.001000
3,1046.998,3.846000,3.845000,0.001000
3,1047.999,3.845000,3.844000,0.001000
3,1049.001,3.845000,3.845000,0.000000
3,1050.002,3.843000,3.844000,-0.001000
3,1050.997,3.844000,3.844000,0.000000
3,1051.999,3.843000,3.843000,0.000000
3,1053.000,3.844000,3.842000,0.002000
3,1054.001,3.843000,3.842000,0.001000
3,1055.002,3.843000,3.842000,0.001000
3,1055.998,3.842000,3.842000,0.000000
3,1056.999,3.842000,3.840000,0.002000
3,1058.001,3.841000,3.841000,0.000000
3,1059.002,3.842000,3.841000,0.001000
3,1059.997,3.839000,3.839000,0.000000
3,1060.999,3.839000,3.838000,0.001000
3,1062.000,3.838000,3.839000,-0.001000
3,1063.001,3.839000,3.839000,0.000000
3,1064.002,3.837000,3.837000,0.000000
3,1064.998,3.837000,3.837000,0.000000
3,1065.999,3.836000,3.836000,0.000000
3,1067.001,3.836000,3.835000,0.001000
3,1068.002,3.836000,3.835000,0.001000
3,1068.997,3.834000,3.833000,0.001000
3,1069.999,3.833000,3.834000,-0.001000
3,1071.000,3.833000,3.833000,0.000000
3,1072.001,3.833000,3.833000,0.000000
3,1073.002,3.833000,3.832000,0.001000
3,1073.998,3.831000,3.831000,0.000000
3,1074.999,3.831000,3.831000,0.000000
3,1076.001,3.832000,3.831000,0.001000
3,1077.002,3.830000,3.831000,-0.001000
3,1077.997,3.830000,3.830000,0.000000
3,1078.999,3.829000,3.830000,-0.001000
4,1080.000,3.828000,3.830000,-0.002000
4,1081.001,3.829000,3.828000,0.001000
4,1082.002,3.827000,3.827000,0.000000
4,1082.998,3.827000,3.826000,0.001000
4,1083.999,3.827000,3.826000,0.001000
4,1085.001,3.825000,3.825000,0.000000
4,1086.002,3.825000,3.824000,0.001000
4,1086.997,3.825000,3.824000,0.001000
4,1087.999,3.824000,3.824000,0.000000
4,1089.000,3.824000,3.824000,0.000000
4,1090.001,3.823000,3.823000,0.000000
4,1091.002,3.824000,3.823000,0.001000
4,1091.998,3.823000,3.822000,0.001000
4,1092.999,3.822000,3.821000,0.001000
4,1094.001,3.822000,3.822000,0.000000
4,1095.002,3.822000,3.821000,0.001000
4,1095.997,3.821000,3.819000,0.002000
4,1096.999,3.820000,3.819000,0.001000
4,1098.000,3.821000,3.819000,0.002000
4,1099.001,3.821000,3.821000,0.000000
4,1100.002,3.820000,3.819000,0.001000
4,1100.998,3.820000,3.820000,0.000000
4,1101.999,3.820000,3.819000,0.001000
4,1103.001,3.820000,3.819000,0.001000
4,1104.002,3.819000,3.819000,0.000000
4,1104.997,3.819000,3.819000,0.000000
4,1105.999,3.819000,3.818000,0.001000
4,1107.000,3.818000,3.819000,-0.001000
4,1108.001,3.819000,3.818000,0.001000
4,1109.002,3.819000,3.817000,0.002000
4,1109.998,3.818000,3.817000,0.001000
4,1110.999,3.816000,3.815000,0.001000
4,1112.001,3.818000,3.815000,0.003000
4,1113.002,3.815000,3.815000,0.000000
4,1113.997,3.815000,3.814000,0.001000
4,1114.999,3.813000,3.813000,0.000000
4,1116.000,3.813000,3.812000,0.001000
4,1117.001,3.813000,3.811000,0.002000
4,1118.002,3.812000,3.812000,0.000000
4,1118.998,3.811000,3.810000,0.001000
4,1119.999,3.810000,3.809000,0.001000
4,1121.001,3.810000,3.810000,0.000000
4,1122.002,3.809000,3.809000,0.000000
4,1122.997,3.808000,3.807000,0.001000
4,1123.999,3.807000,3.807000,0.000000
4,1125.000,3.807000,3.807000,0.000000
4,1126.001,3.807000,3.807000,0.000000
4,1127.002,3.807000,3.805000,0.002000
4,1127.998,3.805000,3.805000,0.000000
4,1128.999,3.805000,3.805000,0.000000
4,1130.001,3.804000,3.804000,0.000000
4,1131.002,3.805000,3.803000,0.002000
4,1131.997,3.804000,3.803000,0.001000
4,1132.999,3.802000,3.803000,-0.001000
4,1134.000,3.804000,3.802000,0.002000
4,1135.001,3.802000,3.802000,0.000000
4,1136.002,3.802000,3.801000,0.001000
4,1136.998,3.801000,3.801000,0.000000
4,1137.999,3.802000,3.799000,0.003000
4,1139.001,3.801000,3.801000,0.000000
4,1140.002,3.800000,3.800000,0.000000
4,1140.997,3.800000,3.799000,0.001000
4,1141.999,3.800000,3.798000,0.002000
4,1143.000,3.800000,3.799000,0.001000
4,1144.001,3.799000,3.799000,0.000000
4,1145.002,3.799000,3.798000,0.001000
4,1145.998,3.797000,3.797000,0.000000
4,1146.999,3.797000,3.798000,-0.001000
4,1148.001,3.799000,3.797000,0.002000
4,1149.002,3.798000,3.796000,0.002000
4,1149.997,3.798000,3.795000,0.003000
4,1150.999,3.796000,3.797000,-0.001000
4,1152.000,3.796000,3.796000,0.000000
4,1153.001,3.797000,3.796000,0.001000
4,1154.002,3.797000,3.795000,0.002000
4,1154.998,3.796000,3.796000,0.000000
4,1155.999,3.796000,3.795000,0.001000
4,1157.001,3.797000,3.795000,0.002000
4,1158.002,3.795000,3.794000,0.001000
4,1158.997,3.796000,3.794000,0.002000
4,1159.999,3.796000,3.795000,0.001000
4,1161.000,3.795000,3.794000,0.001000
4,1162.001,3.796000,3.794000,0.002000
4,1163.002,3.795000,3.795000,0.000000
4,1163.998,3.795000,3.793000,0.002000
4,1164.999,3.796000,3.795000,0.001000
4,1166.001,3.796000,3.795000,0.001000
4,1167.002,3.796000,3.795000,0.001000
4,1167.997,3.796000,3.795000,0.001000
4,1168.999,3.796000,3.796000,0.000000
4,1170.000,3.795000,3.795000,0.000000
4,1171.001,3.795000,3.795000,0.000000
4,1172.002,3.797000,3.796000,0.001000
4,1172.998,3.796000,3.797000,-0.001000
4,1173.999,3.796000,3.795000,0.001000
4,1175.001,3.797000,3.795000,0.002000
4,1176.002,3.797000,3.797000,0.000000
4,1176.997,3.796000,3.796000,0.000000
4,1177.999,3.797000,3.795000,0.002000
4,1179.000,3.797000,3.797000,0.000000
4,1180.001,3.797000,3.797000,0.000000
4,1181.002,3.798000,3.797000,0.001000
4,1181.998,3.799000,3.799000,0.000000
4,1182.999,3.801000,3.800000,0.001000
4,1184.001,3.803000,3.801000,0.002000
4,1185.002,3.805000,3.804000,0.001000
4,1185.997,3.811000,3.811000,0.000000
4,1186.999,3.819000,3.819000,0.000000
4,1188.000,3.822000,3.821000,0.001000
4,1189.001,3.819000,3.818000,0.001000
4,1190.002,3.813000,3.812000,0.001000
4,1190.998,3.806000,3.805000,0.001000
4,1191.999,3.801000,3.800000,0.001000
4,1193.001,3.797000,3.796000,0.001000
4,1194.002,3.793000,3.792000,0.001000
4,1194.997,3.792000,3.791000,0.001000
4,1195.999,3.792000,3.791000,0.001000
4,1197.000,3.794000,3.793000,0.001000
4,1198.001,3.797000,3.797000,0.000000
4,1199.002,3.802000,3.802000,0.000000
4,1199.998,3.807000,3.807000,0.000000
4,1200.999,3.811000,3.811000,0.000000
4,1202.001,3.813000,3.813000,0.000000
4,1203.002,3.812000,3.811000,0.001000
4,1203.997,3.809000,3.807000,0.002000
4,1204.999,3.805000,3.805000,0.000000
4,1206.000,3.805000,3.805000,0.000000
4,1207.001,3.806000,3.805000,0.001000
4,1208.002,3.806000,3.805000,0.001000
4,1208.998,3.806000,3.805000,0.001000
4,1209.999,3.806000,3.806000,0.000000
4,1211.001,3.807000,3.806000,0.001000
4,1212.002,3.808000,3.807000,0.001000
4,1212.997,3.809000,3.808000,0.001000
4,1213.999,3.808000,3.809000,-0.001000
4,1215.000,3.810000,3.808000,0.002000
4,1216.001,3.809000,3.808000,0.001000
4,1217.002,3.810000,3.810000,0.000000
4,1217.998,3.810000,3.810000,0.000000
4,1218.999,3.810000,3.809000,0.001000
4,1220.001,3.810000,3.810000,0.000000
4,1221.002,3.811000,3.812000,-0.001000
4,1221.997,3.812000,3.811000,0.001000
4,1222.999,3.812000,3.811000,0.001000
4,1224.000,3.812000,3.812000,0.000000
4,1225.001,3.812000,3.813000,-0.001000
4,1226.002,3.813000,3.813000,0.000000
4,1226.998,3.814000,3.813000,0.001000
4,1227.999,3.813000,3.814000,-0.001000
4,1229.001,3.813000,3.814000,-0.001000
4,1230.002,3.815000,3.814000,0.001000
4,1230.997,3.815000,3.813000,0.002000
4,1231.999,3.816000,3.816000,0.000000
4,1233.000,3.816000,3.816000,0.000000
4,1234.001,3.817000,3.817000,0.000000
4,1235.002,3.818000,3.816000,0.002000
4,1235.998,3.818000,3.818000,0.000000
4,1236.999,3.820000,3.819000,0.001000
4,1238.001,3.821000,3.820000,0.001000
4,1239.002,3.821000,3.820000,0.001000
4,1239.997,3.820000,3.821000,-0.001000
4,1240.999,3.822000,3.821000,0.001000
4,1242.000,3.822000,3.821000,0.001000
4,1243.001,3.822000,3.823000,-0.001000
4,1244.002,3.823000,3.822000,0.001000
4,1244.998,3.823000,3.823000,0.000000
4,1245.999,3.823000,3.824000,-0.001000
4,1247.001,3.825000,3.825000,0.000000
4,1248.002,3.825000,3.824000,0.001000
4,1248.997,3.826000,3.824000,0.002000
4,1249.999,3.826000,3.825000,0.001000
4,1251.000,3.826000,3.825000,0.001000
4,1252.001,3.826000,3.826000,0.000000
4,1253.002,3.827000,3.828000,-0.001000
4,1253.998,3.828000,3.827000,0.001000
4,1254.999,3.829000,3.829000,0.000000
4,1256.001,3.829000,3.829000,0.000000
4,1257.002,3.829000,3.829000,0.000000
4,1257.997,3.831000,3.830000,0.001000
4,1258.999,3.830000,3.830000,0.000000
4,1260.000,3.832000,3.831000,0.001000
4,1261.001,3.833000,3.832000,0.001000
4,1262.002,3.834000,3.834000,0.000000
4,1262.998,3.833000,3.833000,0.000000
4,1263.999,3.835000,3.833000,0.002000
4,1265.001,3.835000,3.836000,-0.001000
4,1266.002,3.836000,3.835000,0.001000
4,1266.997,3.835000,3.835000,0.000000
4,1267.999,3.837000,3.835000,0.002000
4,1269.000,3.837000,3.836000,0.001000
4,1270.001,3.836000,3.837000,-0.001000
4,1271.002,3.838000,3.837000,0.001000
4,1271.998,3.838000,3.838000,0.000000
4,1272.999,3.839000,3.839000,0.000000
4,1274.001,3.839000,3.839000,0.000000
4,1275.002,3.840000,3.840000,0.000000
4,1275.997,3.840000,3.840000,0.000000
4,1276.999,3.840000,3.841000,-0.001000
4,1278.000,3.842000,3.841000,0.001000
4,1279.001,3.842000,3.842000,0.000000
4,1280.002,3.844000,3.843000,0.001000
4,1280.998,3.844000,3.844000,0.000000
4,1281.999,3.846000,3.844000,0.002000
4,1283.001,3.846000,3.846000,0.000000
4,1284.002,3.847000,3.846000,0.001000
4,1284.997,3.846000,3.847000,-0.001000
4,1285.999,3.847000,3.847000,0.000000
4,1287.000,3.848000,3.847000,0.001000
4,1288.001,3.848000,3.848000,0.000000
4,1289.002,3.848000,3.848000,0.000000
4,1289.998,3.849000,3.848000,0.001000
4,1290.999,3.850000,3.850000,0.000000
4,1292.001,3.849000,3.850000,-0.001000
4,1293.002,3.849000,3.850000,-0.001000
4,1293.997,3.850000,3.850000,0.000000
4,1294.999,3.850000,3.850000,0.000000
4,1296.000,3.851000,3.851000,0.000000
4,1297.001,3.851000,3.851000,0.000000
4,1298.002,3.850000,3.850000,0.000000
4,1298.998,3.851000,3.850000,0.001000
4,1299.999,3.850000,3.851000,-0.001000
4,1301.001,3.851000,3.851000,0.000000
4,1302.002,3.852000,3.851000,0.001000
4,1302.997,3.852000,3.851000,0.001000
4,1303.999,3.852000,3.851000,0.001000
4,1305.000,3.852000,3.852000,0.000000
4,1306.001,3.852000,3.851000,0.001000
4,1307.002,3.853000,3.852000,0.001000
4,1307.998,3.853000,3.853000,0.000000
4,1308.999,3.853000,3.853000,0.000000
4,1310.001,3.854000,3.853000,0.001000
4,1311.002,3.856000,3.854000,0.002000
4,1311.997,3.854000,3.854000,0.000000
4,1312.999,3.854000,3.854000,0.000000
4,1314.000,3.856000,3.855000,0.001000
4,1315.001,3.857000,3.857000,0.000000
4,1316.002,3.856000,3.855000,0.001000
4,1316.998,3.856000,3.855000,0.001000
4,1317.999,3.857000,3.856000,0.001000
4,1319.001,3.856000,3.856000,0.000000
4,1320.002,3.857000,3.857000,0.000000
4,1320.997,3.857000,3.856000,0.001000
4,1321.999,3.858000,3.857000,0.001000
4,1323.000,3.858000,3.858000,0.000000
4,1324.001,3.858000,3.858000,0.000000
4,1325.002,3.857000,3.858000,-0.001000
4,1325.998,3.858000,3.857000,0.001000
4,1326.999,3.858000,3.858000,0.000000
4,1328.001,3.858000,3.858000,0.000000
4,1329.002,3.860000,3.859000,0.001000
4,1329.997,3.859000,3.858000,0.001000
4,1330.999,3.859000,3.858000,0.001000
4,1332.000,3.859000,3.859000,0.000000
4,1333.001,3.858000,3.858000,0.000000
4,1334.002,3.859000,3.858000,0.001000
4,1334.998,3.859000,3.859000,0.000000
4,1335.999,3.859000,3.859000,0.000000
4,1337.001,3.860000,3.859000,0.001000
4,1338.002,3.859000,3.860000,-0.001000
4,1338.997,3.860000,3.860000,0.000000
4,1339.999,3.860000,3.859000,0.001000
4,1341.000,3.861000,3.860000,0.001000
4,1342.001,3.861000,3.861000,0.000000
4,1343.002,3.860000,3.860000,0.000000
4,1343.998,3.860000,3.859000,0.001000
4,1344.999,3.860000,3.860000,0.000000
4,1346.001,3.861000,3.860000,0.001000
4,1347.002,3.860000,3.860000,0.000000
4,1347.997,3.859000,3.859000,0.000000
4,1348.999,3.859000,3.859000,0.000000
4,1350.000,3.860000,3.859000,0.001000
4,1351.001,3.861000,3.860000,0.001000
4,1352.002,3.860000,3.859000,0.001000
4,1352.998,3.859000,3.859000,0.000000
4,1353.999,3.860000,3.859000,0.001000
4,1355.001,3.859000,3.859000,0.000000
4,1356.002,3.860000,3.859000,0.001000
4,1356.997,3.860000,3.859000,0.001000
4,1357.999,3.860000,3.859000,0.001000
4,1359.000,3.860000,3.860000,0.000000
4,1360.001,3.860000,3.860000,0.000000
4,1361.002,3.861000,3.860000,0.001000
4,1361.998,3.861000,3.860000,0.001000
4,1362.999,3.862000,3.861000,0.001000
4,1364.001,3.862000,3.862000,0.000000
4,1365.002,3.862000,3.861000,0.001000
4,1365.997,3.863000,3.862000,0.001000
4,1366.999,3.863000,3.862000,0.001000
4,1368.000,3.861000,3.861000,0.000000
4,1369.001,3.863000,3.862000,0.001000
4,1370.002,3.862000,3.862000,0.000000
4,1370.998,3.862000,3.861000,0.001000
4,1371.999,3.863000,3.862000,0.001000
4,1373.001,3.862000,3.862000,0.000000
4,1374.002,3.861000,3.862000,-0.001000
4,1374.997,3.863000,3.863000,0.000000
4,1375.999,3.862000,3.862000,0.000000
4,1377.000,3.862000,3.862000,0.000000
4,1378.001,3.862000,3.861000,0.001000
4,1379.002,3.863000,3.861000,0.002000
4,1379.998,3.862000,3.861000,0.001000
4,1380.999,3.860000,3.860000,0.000000
4,1382.001,3.861000,3.860000,0.001000
4,1383.002,3.861000,3.861000,0.000000
4,1383.997,3.860000,3.860000,0.000000
4,1384.999,3.859000,3.858000,0.001000
4,1386.000,3.858000,3.858000,0.000000
4,1387.001,3.859000,3.859000,0.000000
4,1388.002,3.858000,3.858000,0.000000
4,1388.998,3.856000,3.855000,0.001000
4,1389.999,3.856000,3.855000,0.001000
4,1391.001,3.855000,3.855000,0.000000
4,1392.002,3.856000,3.855000,0.001000
4,1392.997,3.853000,3.852000,0.001000
4,1393.999,3.852000,3.852000,0.000000
4,1395.000,3.853000,3.852000,0.001000
4,1396.001,3.851000,3.851000,0.000000
4,1397.002,3.851000,3.850000,0.001000
4,1397.998,3.849000,3.849000,0.000000
4,1398.999,3.850000,3.849000,0.001000
4,1400.001,3.850000,3.850000,0.000000
4,1401.002,3.849000,3.849000,0.000000
4,1401.997,3.847000,3.847000,0.000000
4,1402.999,3.848000,3.847000,0.001000
4,1404.000,3.848000,3.846000,0.002000
4,1405.001,3.846000,3.846000,0.000000
4,1406.002,3.846000,3.846000,0.000000
4,1406.998,3.845000,3.845000,0.000000
4,1407.999,3.845000,3.844000,0.001000
4,1409.001,3.846000,3.845000,0.001000
4,1410.002,3.844000,3.844000,0.000000
4,1410.997,3.844000,3.844000,0.000000
4,1411.999,3.844000,3.843000,0.001000
4,1413.000,3.843000,3.842000,0.001000
4,1414.001,3.843000,3.842000,0.001000
4,1415.002,3.843000,3.842000,0.001000
4,1415.998,3.843000,3.842000,0.001000
4,1416.999,3.841000,3.840000,0.001000
4,1418.001,3.841000,3.841000,0.000000
4,1419.002,3.842000,3.841000,0.001000
4,1419.997,3.840000,3.839000,0.001000
4,1420.999,3.839000,3.838000,0.001000
4,1422.000,3.838000,3.839000,-0.001000
4,1423.001,3.838000,3.839000,-0.001000
4,1424.002,3.837000,3.837000,0.000000
4,1424.998,3.836000,3.837000,-0.001000
4,1425.999,3.836000,3.836000,0.000000
4,1427.001,3.836000,3.835000,0.001000
4,1428.002,3.835000,3.835000,0.000000
4,1428.997,3.834000,3.833000,0.001000
4,1429.999,3.833000,3.834000,-0.001000
4,1431.000,3.833000,3.833000,0.000000
4,1432.001,3.833000,3.833000,0.000000
4,1433.002,3.832000,3.832000,0.000000
4,1433.998,3.831000,3.831000,0.000000
4,1434.999,3.831000,3.831000,0.000000
4,1436.001,3.831000,3.831000,0.000000
4,1437.002,3.831000,3.831000,0.000000
4,1437.997,3.830000,3.830000,0.000000
4,1438.999,3.829000,3.830000,-0.001000
5,1440.000,3.828000,3.830000,-0.002000
5,1441.001,3.829000,3.828000,0.001000
5,1442.002,3.828000,3.827000,0.001000
5,1442.998,3.827000,3.826000,0.001000
5,1443.999,3.826000,3.826000,0.000000
5,1445.001,3.826000,3.825000,0.001000
5,1446.002,3.826000,3.824000,0.002000
5,1446.997,3.825000,3.824000,0.001000
5,1447.999,3.825000,3.824000,0.001000
5,1449.000,3.825000,3.824000,0.001000
5,1450.001,3.824000,3.823000,0.001000
5,1451.002,3.824000,3.823000,0.001000
5,1451.998,3.823000,3.822000,0.001000
5,1452.999,3.822000,3.821000,0.001000
5,1454.001,3.822000,3.822000,0.000000
5,1455.002,3.821000,3.821000,0.000000
5,1455.997,3.820000,3.819000,0.001000
5,1456.999,3.821000,3.819000,0.002000
5,1458.000,3.820000,3.819000,0.001000
5,1459.001,3.821000,3.821000,0.000000
5,1460.002,3.819000,3.819000,0.000000
5,1460.998,3.821000,3.820000,0.001000
5,1461.999,3.820000,3.819000,0.001000
5,1463.001,3.819000,3.819000,0.000000
5,1464.002,3.819000,3.819000,0.000000
5,1464.997,3.818000,3.819000,-0.001000
5,1465.999,3.819000,3.818000,0.001000
5,1467.000,3.819000,3.819000,0.000000
5,1468.001,3.818000,3.818000,0.000000
5,1469.002,3.819000,3.817000,0.002000
5,1469.998,3.817000,3.817000,0.000000
5,1470.999,3.816000,3.815000,0.001000
5,1472.001,3.818000,3.815000,0.003000
5,1473.002,3.816000,3.815000,0.001000
5,1473.997,3.815000,3.814000,0.001000
5,1474.999,3.813000,3.813000,0.000000
5,1476.000,3.813000,3.812000,0.001000
5,1477.001,3.812000,3.811000,0.001000
5,1478.002,3.812000,3.812000,0.000000
5,1478.998,3.811000,3.810000,0.001000
5,1479.999,3.811000,3.809000,0.002000
5,1481.001,3.810000,3.810000,0.000000
5,1482.002,3.809000,3.809000,0.000000
5,1482.997,3.809000,3.807000,0.002000
5,1483.999,3.808000,3.807000,0.001000
5,1485.000,3.807000,3.807000,0.000000
5,1486.001,3.806000,3.807000,-0.001000
5,1487.002,3.806000,3.805000,0.001000
5,1487.998,3.805000,3.805000,0.000000
5,1488.999,3.806000,3.805000,0.001000
5,1490.001,3.804000,3.804000,0.000000
5,1491.002,3.804000,3.803000,0.001000
5,1491.997,3.804000,3.803000,0.001000
5,1492.999,3.803000,3.803000,0.000000
5,1494.000,3.803000,3.802000,0.001000
5,1495.001,3.803000,3.802000,0.001000
5,1496.002,3.802000,3.801000,0.001000
5,1496.998,3.801000,3.801000,0.000000
5,1497.999,3.800000,3.799000,0.001000
5,1499.001,3.801000,3.801000,0.000000
5,1500.002,3.800000,3.800000,0.000000
5,1500.997,3.799000,3.799000,0.000000
5,1501.999,3.799000,3.798000,0.001000
5,1503.000,3.799000,3.799000,0.000000
5,1504.001,3.800000,3.799000,0.001000
5,1505.002,3.799000,3.798000,0.001000
5,1505.998,3.798000,3.797000,0.001000
5,1506.999,3.798000,3.798000,0.000000
5,1508.001,3.798000,3.797000,0.001000
5,1509.002,3.796000,3.796000,0.000000
5,1509.997,3.796000,3.795000,0.001000
5,1510.999,3.797000,3.797000,0.000000
5,1512.000,3.798000,3.796000,0.002000
5,1513.001,3.796000,3.796000,0.000000
5,1514.002,3.796000,3.795000,0.001000
5,1514.998,3.797000,3.796000,0.001000
5,1515.999,3.795000,3.795000,0.000000
5,1517.001,3.795000,3.795000,0.000000
5,1518.002,3.795000,3.794000,0.001000
5,1518.997,3.795000,3.794000,0.001000
5,1519.999,3.795000,3.795000,0.000000
5,1521.000,3.795000,3.794000,0.001000
5,1522.001,3.796000,3.794000,0.002000
5,1523.002,3.796000,3.795000,0.001000
5,1523.998,3.795000,3.793000,0.002000
5,1524.999,3.795000,3.795000,0.000000
5,1526.001,3.796000,3.795000,0.001000
5,1527.002,3.796000,3.795000,0.001000
5,1527.997,3.796000,3.795000,0.001000
5,1528.999,3.797000,3.796000,0.001000
5,1530.000,3.796000,3.795000,0.001000
5,1531.001,3.796000,3.795000,0.001000
5,1532.002,3.796000,3.796000,0.000000
5,1532.998,3.797000,3.797000,0.000000
5,1533.999,3.796000,3.795000,0.001000
5,1535.001,3.796000,3.795000,0.001000
5,1536.002,3.797000,3.797000,0.000000
5,1536.997,3.797000,3.796000,0.001000
5,1537.999,3.796000,3.795000,0.001000
5,1539.000,3.797000,3.797000,0.000000
5,1540.001,3.797000,3.797000,0.000000
5,1541.002,3.798000,3.797000,0.001000
5,1541.998,3.799000,3.799000,0.000000
5,1542.999,3.801000,3.800000,0.001000
5,1544.001,3.802000,3.801000,0.001000
5,1545.002,3.805000,3.804000,0.001000
5,1545.997,3.812000,3.811000,0.001000
5,1546.999,3.819000,3.819000,0.000000
5,1548.000,3.822000,3.821000,0.001000
5,1549.001,3.819000,3.818000,0.001000
5,1550.002,3.813000,3.812000,0.001000
5,1550.998,3.806000,3.805000,0.001000
5,1551.999,3.800000,3.800000,0.000000
5,1553.001,3.797000,3.796000,0.001000
5,1554.002,3.793000,3.792000,0.001000
5,1554.997,3.792000,3.791000,0.001000
5,1555.999,3.791000,3.791000,0.000000
5,1557.000,3.793000,3.793000,0.000000
5,1558.001,3.797000,3.797000,0.000000
5,1559.002,3.802000,3.802000,0.000000
5,1559.998,3.807000,3.807000,0.000000
5,1560.999,3.811000,3.811000,0.000000
5,1562.001,3.813000,3.813000,0.000000
5,1563.002,3.811000,3.811000,0.000000
5,1563.997,3.808000,3.807000,0.001000
5,1564.999,3.805000,3.805000,0.000000
5,1566.000,3.805000,3.805000,0.000000
5,1567.001,3.805000,3.805000,0.000000
5,1568.002,3.806000,3.805000,0.001000
5,1568.998,3.806000,3.805000,0.001000
5,1569.999,3.807000,3.806000,0.001000
5,1571.001,3.807000,3.806000,0.001000
5,1572.002,3.807000,3.807000,0.000000
5,1572.997,3.810000,3.808000,0.002000
5,1573.999,3.807000,3.809000,-0.002000
5,1575.000,3.809000,3.808000,0.001000
5,1576.001,3.809000,3.808000,0.001000
5,1577.002,3.810000,3.810000,0.000000
5,1577.998,3.810000,3.810000,0.000000
5,1578.999,3.809000,3.809000,0.000000
5,1580.001,3.811000,3.810000,0.001000
5,1581.002,3.812000,3.812000,0.000000
5,1581.997,3.810000,3.811000,-0.001000
5,1582.999,3.812000,3.811000,0.001000
5,1584.000,3.812000,3.812000,0.000000
5,1585.001,3.813000,3.813000,0.000000
5,1586.002,3.814000,3.813000,0.001000
5,1586.998,3.813000,3.813000,0.000000
5,1587.999,3.814000,3.814000,0.000000
5,1589.001,3.815000,3.814000,0.001000
5,1590.002,3.815000,3.814000,0.001000
5,1590.997,3.815000,3.813000,0.002000
5,1591.999,3.816000,3.816000,0.000000
5,1593.000,3.816000,3.816000,0.000000
5,1594.001,3.818000,3.817000,0.001000
5,1595.002,3.818000,3.816000,0.002000
5,1595.998,3.819000,3.818000,0.001000
5,1596.999,3.819000,3.819000,0.000000
5,1598.001,3.820000,3.820000,0.000000
5,1599.002,3.820000,3.820000,0.000000
5,1599.997,3.821000,3.821000,0.000000
5,1600.999,3.821000,3.821000,0.000000
5,1602.000,3.822000,3.821000,0.001000
5,1603.001,3.823000,3.823000,0.000000
5,1604.002,3.823000,3.822000,0.001000
5,1604.998,3.823000,3.823000,0.000000
5,1605.999,3.824000,3.824000,0.000000
5,1607.001,3.825000,3.825000,0.000000
5,1608.002,3.825000,3.824000,0.001000
5,1608.997,3.825000,3.824000,0.001000
5,1609.999,3.826000,3.825000,0.001000
5,1611.000,3.827000,3.825000,0.002000
5,1612.001,3.827000,3.826000,0.001000
5,1613.002,3.827000,3.828000,-0.001000
5,1613.998,3.828000,3.827000,0.001000
5,1614.999,3.829000,3.829000,0.000000
5,1616.001,3.829000,3.829000,0.000000
5,1617.002,3.829000,3.829000,0.000000
5,1617.997,3.831000,3.830000,0.001000
5,1618.999,3.830000,3.830000,0.000000
5,1620.000,3.832000,3.831000,0.001000
5,1621.001,3.833000,3.832000,0.001000
5,1622.002,3.833000,3.834000,-0.001000
5,1622.998,3.833000,3.833000,0.000000
5,1623.999,3.834000,3.833000,0.001000
5,1625.001,3.835000,3.836000,-0.001000
5,1626.002,3.835000,3.835000,0.000000
5,1626.997,3.836000,3.835000,0.001000
5,1627.999,3.837000,3.835000,0.002000
5,1629.000,3.836000,3.836000,0.000000
5,1630.001,3.837000,3.837000,0.000000
5,1631.002,3.839000,3.837000,0.002000
5,1631.998,3.838000,3.838000,0.000000
5,1632.999,3.837000,3.839000,-0.002000
5,1634.001,3.840000,3.839000,0.001000
5,1635.002,3.840000,3.840000,0.000000
5,1635.997,3.840000,3.840000,0.000000
5,1636.999,3.840000,3.841000,-0.001000
5,1638.000,3.841000,3.841000,0.000000
5,1639.001,3.843000,3.842000,0.001000
5,1640.002,3.843000,3.843000,0.000000
5,1640.998,3.844000,3.844000,0.000000
5,1641.999,3.846000,3.844000,0.002000
5,1643.001,3.845000,3.846000,-0.001000
5,1644.002,3.846000,3.846000,0.000000
5,1644.997,3.846000,3.847000,-0.001000
5,1645.999,3.847000,3.847000,0.000000
5,1647.000,3.848000,3.847000,0.001000
5,1648.001,3.848000,3.848000,0.000000
5,1649.002,3.848000,3.848000,0.000000
5,1649.998,3.849000,3.848000,0.001000
5,1650.999,3.849000,3.850000,-0.001000
5,1652.001,3.849000,3.850000,-0.001000
5,1653.002,3.850000,3.850000,0.000000
5,1653.997,3.851000,3.850000,0.001000
5,1654.999,3.851000,3.850000,0.001000
5,1656.000,3.850000,3.851000,-0.001000
5,1657.001,3.851000,3.851000,0.000000
5,1658.002,3.851000,3.850000,0.001000
5,1658.998,3.851000,3.850000,0.001000
5,1659.999,3.850000,3.851000,-0.001000
5,1661.001,3.851000,3.851000,0.000000
5,1662.002,3.851000,3.851000,0.000000
5,1662.997,3.853000,3.851000,0.002000
5,1663.999,3.851000,3.851000,0.000000
5,1665.000,3.852000,3.852000,0.000000
5,1666.001,3.852000,3.851000,0.001000
5,1667.002,3.853000,3.852000,0.001000
5,1667.998,3.854000,3.853000,0.001000
5,1668.999,3.853000,3.853000,0.000000
5,1670.001,3.854000,3.853000,0.001000
5,1671.002,3.855000,3.854000,0.001000
5,1671.997,3.855000,3.854000,0.001000
5,1672.999,3.855000,3.854000,0.001000
5,1674.000,3.856000,3.855000,0.001000
5,1675.001,3.857000,3.857000,0.000000
5,1676.002,3.856000,3.855000,0.001000
5,1676.998,3.855000,3.855000,0.000000
5,1677.999,3.857000,3.856000,0.001000
5,1679.001,3.856000,3.856000,0.000000
5,1680.002,3.857000,3.857000,0.000000
5,1680.997,3.857000,3.856000,0.001000
5,1681.999,3.858000,3.857000,0.001000
5,1683.000,3.858000,3.858000,0.000000
5,1684.001,3.858000,3.858000,0.000000
5,1685.002,3.857000,3.858000,-0.001000
5,1685.998,3.858000,3.857000,0.001000
5,1686.999,3.858000,3.858000,0.000000
5,1688.001,3.858000,3.858000,0.000000
5,1689.002,3.859000,3.859000,0.000000
5,1689.997,3.859000,3.858000,0.001000
5,1690.999,3.858000,3.858000,0.000000
5,1692.000,3.858000,3.859000,-0.001000
5,1693.001,3.858000,3.858000,0.000000
5,1694.002,3.859000,3.858000,0.001000
5,1694.998,3.859000,3.859000,0.000000
5,1695.999,3.859000,3.859000,0.000000
5,1697.001,3.860000,3.859000,0.001000
5,1698.002,3.859000,3.860000,-0.001000
5,1698.997,3.860000,3.860000,0.000000
5,1699.999,3.859000,3.859000,0.000000
5,1701.000,3.860000,3.860000,0.000000
5,1702.001,3.861000,3.861000,0.000000
5,1703.002,3.860000,3.860000,0.000000
5,1703.998,3.860000,3.859000,0.001000
5,1704.999,3.860000,3.860000,0.000000
5,1706.001,3.860000,3.860000,0.000000
5,1707.002,3.860000,3.860000,0.000000
5,1707.997,3.859000,3.859000,0.000000
5,1708.999,3.860000,3.859000,0.001000
5,1710.000,3.859000,3.859000,0.000000
5,1711.001,3.860000,3.860000,0.000000
5,1712.002,3.860000,3.859000,0.001000
5,1712.998,3.860000,3.859000,0.001000
5,1713.999,3.859000,3.859000,0.000000
5,1715.001,3.859000,3.859000,0.000000
5,1716.002,3.859000,3.859000,0.000000
5,1716.997,3.860000,3.859000,0.001000
5,1717.999,3.860000,3.859000,0.001000
5,1719.000,3.860000,3.860000,0.000000
5,1720.001,3.860000,3.860000,0.000000
5,1721.002,3.860000,3.860000,0.000000
5,1721.998,3.860000,3.860000,0.000000
5,1722.999,3.861000,3.861000,0.000000
5,1724.001,3.862000,3.862000,0.000000
5,1725.002,3.862000,3.861000,0.001000
5,1725.997,3.863000,3.862000,0.001000
5,1726.999,3.862000,3.862000,0.000000
5,1728.000,3.861000,3.861000,0.000000
5,1729.001,3.863000,3.862000,0.001000
5,1730.002,3.862000,3.862000,0.000000
5,1730.998,3.862000,3.861000,0.001000
5,1731.999,3.862000,3.862000,0.000000
5,1733.001,3.863000,3.862000,0.001000
5,1734.002,3.862000,3.862000,0.000000
5,1734.997,3.863000,3.863000,0.000000
5,1735.999,3.861000,3.862000,-0.001000
5,1737.000,3.862000,3.862000,0.000000
5,1738.001,3.862000,3.861000,0.001000
5,1739.002,3.863000,3.861000,0.002000
5,1739.998,3.861000,3.861000,0.000000
5,1740.999,3.860000,3.860000,0.000000
5,1742.001,3.861000,3.860000,0.001000
5,1743.002,3.861000,3.861000,0.000000
5,1743.997,3.860000,3.860000,0.000000
5,1744.999,3.859000,3.858000,0.001000
5,1746.000,3.859000,3.858000,0.001000
5,1747.001,3.858000,3.859000,-0.001000
5,1748.002,3.858000,3.858000,0.000000
5,1748.998,3.856000,3.855000,0.001000
5,1749.999,3.856000,3.855000,0.001000
5,1751.001,3.855000,3.855000,0.000000
5,1752.002,3.855000,3.855000,0.000000
5,1752.997,3.853000,3.852000,0.001000
5,1753.999,3.852000,3.852000,0.000000
5,1755.000,3.852000,3.852000,0.000000
5,1756.001,3.851000,3.851000,0.000000
5,1757.002,3.851000,3.850000,0.001000
5,1757.998,3.849000,3.849000,0.000000
5,1758.999,3.850000,3.849000,0.001000
5,1760.001,3.850000,3.850000,0.000000
5,1761.002,3.849000,3.849000,0.000000
5,1761.997,3.847000,3.847000,0.000000
5,1762.999,3.848000,3.847000,0.001000
5,1764.000,3.847000,3.846000,0.001000
5,1765.001,3.846000,3.846000,0.000000
5,1766.002,3.846000,3.846000,0.000000
5,1766.998,3.845000,3.845000,0.000000
5,1767.999,3.844000,3.844000,0.000000
5,1769.001,3.845000,3.845000,0.000000
5,1770.002,3.844000,3.844000,0.000000
5,1770.997,3.845000,3.844000,0.001000
5,1771.999,3.845000,3.843000,0.002000
5,1773.000,3.843000,3.842000,0.001000
5,1774.001,3.843000,3.842000,0.001000
5,1775.002,3.842000,3.842000,0.000000
5,1775.998,3.842000,3.842000,0.000000
5,1776.999,3.840000,3.840000,0.000000
5,1778.001,3.842000,3.841000,0.001000
5,1779.002,3.840000,3.841000,-0.001000
5,1779.997,3.840000,3.839000,0.001000
5,1780.999,3.839000,3.838000,0.001000
5,1782.000,3.840000,3.839000,0.001000
5,1783.001,3.838000,3.839000,-0.001000
5,1784.002,3.838000,3.837000,0.001000
5,1784.998,3.837000,3.837000,0.000000
5,1785.999,3.836000,3.836000,0.000000
5,1787.001,3.835000,3.835000,0.000000
5,1788.002,3.835000,3.835000,0.000000
5,1788.997,3.833000,3.833000,0.000000
5,1789.999,3.834000,3.834000,0.000000
5,1791.000,3.833000,3.833000,0.000000
5,1792.001,3.833000,3.833000,0.000000
5,1793.002,3.832000,3.832000,0.000000
5,1793.998,3.831000,3.831000,0.000000
5,1794.999,3.832000,3.831000,0.001000
5,1796.001,3.831000,3.831000,0.000000
5,1797.002,3.831000,3.831000,0.000000
5,1797.997,3.830000,3.830000,0.000000
5,1798.999,3.830000,3.830000,0.000000
